key,designer,season,year,category,city,section,width,height,size,aesthetic,tags,url,filename,season_std,silhouette,silhouette_conf,length,length_conf
0790391,Dries Van Noten,Fall,2023,Ready-to-Wear,,Collection,2732,4098,855345,5.17,,https://assets.vogue.com/photos/6400aceb7a354aabe91baed1/00055-dries-van-noten-fall-2023-ready-to-wear-credit-gorunway.jpg,0790391_Dries Van Noten - Fall 2023 Ready-to-Wear [Collection].jpg,FW,a_line,0.26497364,maxi,0.27352023
0366794,Dries Van Noten,Fall,2013,Ready-to-Wear,,Collection,1366,2048,382487,4.73,"['Grace Mahary' 'Long Sleeve' 'Clothing' 'Footwear' 'Apparel' 'Fashion'
 'Person' 'Runway' 'Sleeve' 'Human' 'Shoe']",https://assets.vogue.com/photos/55c6511108298d8be21ae7c5/DRI_4828.1366x2048.JPG,0366794_Dries Van Noten - Fall 2013 Ready-to-Wear [Collection].jpg,FW,oversized,0.27407378,trousers,0.2809602
0443521,Dries Van Noten,Spring,2009,Ready-to-Wear,,Collection,683,1024,102014,4.6,['Clothing' 'Apparel' 'Fashion' 'Blouse' 'Person' 'Runway' 'Human'],https://assets.vogue.com/photos/55c6519b08298d8be224aeb4/00440fullscreen.jpg,0443521_Dries Van Noten - Spring 2009 Ready-to-Wear [Collection].jpg,SS,fitted,0.27402818,trousers,0.27515176
0047004,Balenciaga,Fall,2020,Ready-to-Wear,,Collection,2732,4098,1446723,5.02,"['Long Sleeve' 'Skateboard' 'Clothing' 'Apparel' 'Person' 'Sleeve'
 'Sports' 'Human' 'Pants' 'Sport' 'Stage']",https://assets.vogue.com/photos/5e5b9f4256da1c0008bf7939/_ALE0753.jpg,0047004_Balenciaga - Fall 2020 Ready-to-Wear [Collection].jpg,FW,oversized,0.29842147,trousers,0.30007184
0301642,Gucci,Spring,2009,Ready-to-Wear,,Collection,683,1024,136160,5.22,"['Long Sleeve' 'Toni Garrn' 'Clothing' 'Apparel' 'Fashion' 'Person'
 'Runway' 'Sleeve' 'Human']",https://assets.vogue.com/photos/55c6519908298d8be22495a2/00070fullscreen.jpg,0301642_Gucci - Spring 2009 Ready-to-Wear [Collection].jpg,SS,oversized,0.27350092,trousers,0.27152783
0044618,Balenciaga,Fall,2022,Ready-to-Wear,,Collection,2732,4098,1125367,5.14,['Blizzard' 'Outdoors' 'Nature' 'Person' 'Winter' 'Human' 'Storm' 'Snow'],https://assets.vogue.com/photos/6224f894cb9c17da3b08e237/00044-balenciaga-fall-2022-ready-to-wear-paris-credit-brand.jpg,0044618_Balenciaga - Fall 2022 Ready-to-Wear [Collection].jpg,FW,oversized,0.2650426,midi,0.26504362
0338965,Balenciaga,Spring,2010,Ready-to-Wear,,Collection,683,1024,127893,4.59,['Siri Tollerød' 'Clothing' 'Apparel' 'Person' 'Human' 'Coat'],https://assets.vogue.com/photos/55c651ac08298d8be226033b/00140fullscreen.jpg,0338965_Balenciaga - Spring 2010 Ready-to-Wear [Collection].jpg,SS,fitted,0.27025712,mini,0.27243716
0213478,Gucci,Spring,2021,Ready-to-Wear,,Collection,2732,4098,674696,5.33,"['Accessories' 'Accessory' 'Clothing' 'Apparel' 'Handbag' 'Person' 'Human'
 'Purse' 'Bag' 'Tub']",https://assets.vogue.com/photos/5fb24c07263af2146f4fe89e/00005-Gucci-SS-21.jpg,0213478_Gucci - Spring 2021 Ready-to-Wear [Collection].jpg,SS,oversized,0.26168704,midi,0.26324904
1001894,Gucci,Fall,2019,Ready-to-Wear,,Collection,2732,4098,2120266,5.56,"['Clothing' 'Footwear' 'Overcoat' 'Apparel' 'Person' 'Sleeve' 'Human'
 'Coat' 'Shoe']",https://assets.vogue.com/photos/5c6d73d557b95a2d61524714/_FIO1121.jpg,1001894_Gucci - Fall 2019 Ready-to-Wear [Collection].jpg,FW,oversized,0.26243252,maxi,0.2628635
0075326,Gucci,Spring,2016,Ready-to-Wear,,Collection,2000,3000,1147246,5.5,['Clothing' 'Overcoat' 'Apparel' 'Fashion' 'Person' 'Human' 'Coat'],https://assets.vogue.com/photos/5602b2678ec1a0f23c813744/_GUC0651.jpg,0075326_Gucci - Spring 2016 Ready-to-Wear [Collection].jpg,SS,fitted,0.26619485,mini,0.25298488
0894794,Gucci,Fall,2023,Ready-to-Wear,,Collection,2732,4098,1907478,4.65,,https://assets.vogue.com/photos/63f8dd7b513c830c384610e0/00014-gucci-fall-2023-ready-to-wear-credit-gorunway.jpg,0894794_Gucci - Fall 2023 Ready-to-Wear [Collection].jpg,FW,oversized,0.2846503,trousers,0.2810728
1103301,Dries Van Noten,Fall,2010,Ready-to-Wear,,Collection,683,1024,145001,4.06,"['Monika Jagaciak' 'Accessories' 'Sunglasses' 'Accessory' 'Clothing'
 'Apparel' 'Person' 'Sleeve' 'Human' 'Skirt']",https://assets.vogue.com/photos/55c651bd08298d8be2271cf4/00110fullscreen.jpg,1103301_Dries Van Noten - Fall 2010 Ready-to-Wear [Collection].jpg,FW,oversized,0.2911155,mini,0.28255945
0560013,Dries Van Noten,Fall,2015,Ready-to-Wear,,Collection,1366,2048,460837,5.34,"['Evening Dress' 'Clothing' 'Apparel' 'Fashion' 'Person' 'Runway' 'Human'
 'Gown' 'Robe']",https://assets.vogue.com/photos/55c650b008298d8be21478e2/DRI_0837.jpg,0560013_Dries Van Noten - Fall 2015 Ready-to-Wear [Collection].jpg,FW,oversized,0.2685443,trousers,0.27847868
0431520,Balenciaga,Spring,2020,Ready-to-Wear,,Collection,2732,4098,1040754,5.44,['Clothing' 'Apparel' 'Fashion' 'Person' 'Human' 'Coat'],https://assets.vogue.com/photos/5d90b7dade6b4500085ede31/_FIO0092.jpg,0431520_Balenciaga - Spring 2020 Ready-to-Wear [Collection].jpg,SS,oversized,0.28595242,trousers,0.2810134
1102501,Balenciaga,Fall,2020,Ready-to-Wear,,Collection,2732,4098,1500936,4.41,['Clothing' 'Apparel' 'Female' 'Person' 'Sleeve' 'Human' 'Skirt' 'Woman'],https://assets.vogue.com/photos/5e5b9f2a6432e400088ea400/_ALE0788.jpg,1102501_Balenciaga - Fall 2020 Ready-to-Wear [Collection].jpg,FW,fitted,0.27855775,trousers,0.26512265
0026957,Dries Van Noten,Spring,2017,Ready-to-Wear,,Collection,2000,3000,712988,4.69,['Jean Sarkozy' 'Clothing' 'Apparel' 'Fashion' 'Person' 'Runway' 'Human'],https://assets.vogue.com/photos/59cbaa2ae64a081da890f2c8/KIM_0209.jpg,0026957_Dries Van Noten - Spring 2017 Ready-to-Wear [Collection].jpg,SS,fitted,0.2777594,maxi,0.27297845
1129219,Gucci,Fall,2018,Ready-to-Wear,,Collection,2000,3000,626912,5.82,"['Clothing' 'Footwear' 'Apparel' 'Female' 'Person' 'Sleeve' 'Human' 'Coat'
 'Shoe']",https://assets.vogue.com/photos/5a8d81c27cea34278b667a2f/_GUC0380.jpg,1129219_Gucci - Fall 2018 Ready-to-Wear [Collection].jpg,FW,oversized,0.29196104,maxi,0.2789966
0066189,Balenciaga,Spring,2010,Ready-to-Wear,,Collection,683,1024,104172,5.44,['Clothing' 'Apparel' 'Person' 'Human' 'Pants'],https://assets.vogue.com/photos/55c651ac08298d8be2260336/00090fullscreen.jpg,0066189_Balenciaga - Spring 2010 Ready-to-Wear [Collection].jpg,SS,fitted,0.28009307,trousers,0.285097
0546461,Balenciaga,Spring,2023,Ready-to-Wear,,Collection,2732,4098,1316103,5.29,,https://assets.vogue.com/photos/6339b80bad7907616d673075/00029-balenciaga-spring-2023-ready-to-wear-credit-brand.jpg,0546461_Balenciaga - Spring 2023 Ready-to-Wear [Collection].jpg,SS,oversized,0.27604997,trousers,0.2648919
0227251,Balenciaga,Fall,2021,Ready-to-Wear,,Collection,2732,4098,788383,3.94,"['Trench Coat' 'Accessories' 'Sunglasses' 'Accessory' 'Clothing'
 'Overcoat' 'Apparel' 'Person' 'Human' 'Coat']",https://assets.vogue.com/photos/5fca4d22b8fe2b21c11e1082/00018-Balenciaga-Fall-21.jpg,0227251_Balenciaga - Fall 2021 Ready-to-Wear [Collection].jpg,FW,oversized,0.2858343,trousers,0.2496976
0613006,Gucci,Spring,2015,Ready-to-Wear,,Collection,1366,2048,233263,5.27,"['Accessories' 'Accessory' 'Clothing' 'Apparel' 'Fashion' 'Handbag'
 'Female' 'Person' 'Runway' 'Human' 'Coat' 'Bag']",https://assets.vogue.com/photos/55c651c308298d8be2279560/_ARC0235.jpg,0613006_Gucci - Spring 2015 Ready-to-Wear [Collection].jpg,SS,fitted,0.2682475,mini,0.25432903
0752389,Gucci,Spring,2019,Ready-to-Wear,,Collection,2000,3000,509372,4.91,"['Military Uniform' 'Clothing' 'Military' 'Apparel' 'Fashion' 'Person'
 'Sleeve' 'Human' 'Coat']",https://assets.vogue.com/photos/5ba94ba04b31c82d20684000/012.jpg,0752389_Gucci - Spring 2019 Ready-to-Wear [Collection].jpg,SS,fitted,0.27600044,trousers,0.26571816
0845247,Gucci,Fall,2022,Ready-to-Wear,,Collection,2732,4098,1576713,5.3,"['Evening Dress' 'Long Sleeve' 'Clothing' 'Apparel' 'Fashion' 'Person'
 'Sleeve' 'Dress' 'Human' 'Gown' 'Robe']",https://assets.vogue.com/photos/621925f9583e407b99593acd/00062-gucci-fall-22-ready-to-wear-milan-credit-gorunway.jpg,0845247_Gucci - Fall 2022 Ready-to-Wear [Collection].jpg,FW,fitted,0.2797123,maxi,0.27492446
0678462,Dries Van Noten,Spring,2020,Ready-to-Wear,,Collection,2732,4098,1604839,5.68,"['Clothing' 'Overcoat' 'Apparel' 'Fashion' 'Person' 'Runway' 'Human'
 'Coat' 'Suit']",https://assets.vogue.com/photos/5d8b704223d5910008a2597a/_ALE0546.jpg,0678462_Dries Van Noten - Spring 2020 Ready-to-Wear [Collection].jpg,SS,oversized,0.27605674,trousers,0.2565006
1157154,Balenciaga,Spring,2016,Ready-to-Wear,,Collection,2000,3000,666467,4.78,['Premiere' 'Fashion' 'Person' 'Human'],https://assets.vogue.com/photos/57f0de258a0d182b2eeeab1d/_MON0871.jpg,1157154_Balenciaga - Spring 2016 Ready-to-Wear [Collection].jpg,SS,fitted,0.27887917,trousers,0.26935893
0301333,Dries Van Noten,Fall,2010,Ready-to-Wear,,Collection,683,1024,148835,4.53,['Clothing' 'Apparel' 'Fashion' 'Person' 'Runway' 'Sleeve' 'Human'],https://assets.vogue.com/photos/55c651bd08298d8be2271cff/00220fullscreen.jpg,0301333_Dries Van Noten - Fall 2010 Ready-to-Wear [Collection].jpg,FW,fitted,0.2739104,trousers,0.26194724
0580256,Dries Van Noten,Fall,2018,Ready-to-Wear,,Collection,2000,3000,798073,5.15,['Clothing' 'Apparel' 'Fashion' 'Person' 'Runway' 'Human'],https://assets.vogue.com/photos/5a96c16d0ec45c7da912b13d/KIM_0111.jpg,0580256_Dries Van Noten - Fall 2018 Ready-to-Wear [Collection].jpg,FW,oversized,0.27882808,trousers,0.25690314
1199074,Dries Van Noten,Fall,2015,Ready-to-Wear,,Collection,1366,2048,415663,5.49,"['Yumi Lambert' 'Long Sleeve' 'Clothing' 'Footwear' 'Apparel' 'Fashion'
 'Person' 'Runway' 'Sleeve' 'Human' 'Shoe']",https://assets.vogue.com/photos/55c650b008298d8be21478c6/DRI_0427.jpg,1199074_Dries Van Noten - Fall 2015 Ready-to-Wear [Collection].jpg,FW,fitted,0.26942682,trousers,0.27257347
0903516,Dries Van Noten,Spring,2015,Ready-to-Wear,,Collection,1366,2048,447163,5.45,"['Accessories' 'Sunglasses' 'Accessory' 'Clothing' 'Footwear' 'Apparel'
 'Person' 'Sleeve' 'Human' 'Shoe']",https://assets.vogue.com/photos/55c651c608298d8be227be0a/DVN_0482.jpg,0903516_Dries Van Noten - Spring 2015 Ready-to-Wear [Collection].jpg,SS,oversized,0.27338058,trousers,0.26130685
0413883,Gucci,Fall,2014,Ready-to-Wear,,Collection,1366,2048,249122,4.77,['Anna Wood' 'Clothing' 'Apparel' 'Person' 'Human' 'Fur'],https://assets.vogue.com/photos/55c6513808298d8be21daa1d/GUC_0233.1366x2048.JPG,0413883_Gucci - Fall 2014 Ready-to-Wear [Collection].jpg,FW,oversized,0.28089193,trousers,0.27165443
0959621,Gucci,Spring,2021,Ready-to-Wear,,Collection,2732,4098,962791,5.45,"['Vegetation' 'Clothing' 'Apparel' 'Pottery' 'Person' 'Shorts' 'Sleeve'
 'Human' 'Pants' 'Plant' 'Vase']",https://assets.vogue.com/photos/5fb993aae187cf34cece2712/00068-GUCCI-SS21-PF21.jpg,0959621_Gucci - Spring 2021 Ready-to-Wear [Collection].jpg,SS,oversized,0.27502137,trousers,0.2676115
1183588,Balenciaga,Spring,2012,Ready-to-Wear,,Collection,683,1024,128294,4.38,"['Accessories' 'Accessory' 'Clothing' 'Apparel' 'Female' 'Person' 'Human'
 'Coat' 'Tie']",https://assets.vogue.com/photos/55c650d008298d8be2169bd2/00180fullscreen.jpg,1183588_Balenciaga - Spring 2012 Ready-to-Wear [Collection].jpg,SS,fitted,0.27611852,trousers,0.2654128
0218258,Dries Van Noten,Fall,2016,Ready-to-Wear,,Collection,2000,3000,1075868,5.04,['High Heel' 'Clothing' 'Footwear' 'Apparel' 'Person' 'Human' 'Shoe'],https://assets.vogue.com/photos/56d6fc00050ae6403a814c79/_ARC1101.jpg,0218258_Dries Van Noten - Fall 2016 Ready-to-Wear [Collection].jpg,FW,oversized,0.27810195,maxi,0.25946385
0129738,Gucci,Spring,2011,Ready-to-Wear,,Collection,683,1024,111049,4.97,['Joan Smalls' 'Clothing' 'Apparel' 'Fashion' 'Person' 'Runway' 'Human'],https://assets.vogue.com/photos/55c6512808298d8be21c8d91/00410fullscreen.jpg,0129738_Gucci - Spring 2011 Ready-to-Wear [Collection].jpg,SS,a_line,0.26859668,maxi,0.264343
1016673,Gucci,Fall,2010,Ready-to-Wear,,Collection,683,1024,118136,4.69,"['Long Sleeve' 'Clothing' 'Footwear' 'Apparel' 'Fashion' 'Person' 'Runway'
 'Sleeve' 'Human' 'Shoe']",https://assets.vogue.com/photos/55c651bd08298d8be2270e80/00340fullscreen.jpg,1016673_Gucci - Fall 2010 Ready-to-Wear [Collection].jpg,FW,a_line,0.2764231,maxi,0.27328873
0188762,Dries Van Noten,Spring,2016,Ready-to-Wear,,Collection,2000,3000,865011,5.53,['Clothing' 'Apparel' 'Fashion' 'Person' 'Sleeve' 'Human'],https://assets.vogue.com/photos/57ebcd7416d1a9827647797c/KIM_0759.jpg,0188762_Dries Van Noten - Spring 2016 Ready-to-Wear [Collection].jpg,SS,fitted,0.27178705,trousers,0.27719522
1259060,Balenciaga,Fall,2019,Ready-to-Wear,,Collection,2732,4098,1814386,4.3,"['Clothing' 'Footwear' 'Apparel' 'Fashion' 'Person' 'Runway' 'Human'
 'Shoe']",https://assets.vogue.com/photos/5c7bb73e80be832d57e5837b/_ALE0146.jpg,1259060_Balenciaga - Fall 2019 Ready-to-Wear [Collection].jpg,FW,oversized,0.30147293,trousers,0.2822326
0541976,Gucci,Fall,2016,Ready-to-Wear,,Collection,2000,3000,755445,4.99,"['Evening Dress' 'Clothing' 'Apparel' 'Fashion' 'Person' 'Sleeve' 'Human'
 'Gown' 'Robe']",https://assets.vogue.com/photos/56cdc7db05d0ebda742c6576/_GUC1275.jpg,0541976_Gucci - Fall 2016 Ready-to-Wear [Collection].jpg,FW,oversized,0.26977113,maxi,0.27943093
0816313,Dries Van Noten,Fall,2014,Ready-to-Wear,,Collection,1366,2048,581094,4.89,"['Evening Dress' 'Accessories' 'Sunglasses' 'Accessory' 'Clothing'
 'Apparel' 'Fashion' 'Person' 'Human' 'Gown']",https://assets.vogue.com/photos/55c6513a08298d8be21dd113/DRI_1009.1366x2048.JPG,0816313_Dries Van Noten - Fall 2014 Ready-to-Wear [Collection].jpg,FW,a_line,0.26688197,maxi,0.27385187
0519850,Balenciaga,Fall,2018,Ready-to-Wear,,Collection,2000,3000,610176,5.4,"['Accessories' 'Sunglasses' 'Accessory' 'Clothing' 'Footwear' 'Fashion'
 'Person' 'Runway' 'Human' 'Shoe']",https://assets.vogue.com/photos/5a9c02f0a8e2b84d5b0f24cf/_MON0651.jpg,0519850_Balenciaga - Fall 2018 Ready-to-Wear [Collection].jpg,FW,oversized,0.2821609,maxi,0.26993924
0681624,Balenciaga,Spring,2014,Ready-to-Wear,,Collection,1366,2048,400993,5.44,"['Evening Dress' 'Clothing' 'Apparel' 'Fashion' 'Female' 'Person' 'Sleeve'
 'Human' 'Gown' 'Robe']",https://assets.vogue.com/photos/55c6512408298d8be21c3cc2/_ON_0528.1366x2048.JPG,0681624_Balenciaga - Spring 2014 Ready-to-Wear [Collection].jpg,SS,a_line,0.27269125,maxi,0.2722094
0470902,Dries Van Noten,Spring,2021,Ready-to-Wear,,Collection,2732,4098,2114644,4.59,['Clothing' 'Raincoat' 'Apparel' 'Person' 'Human' 'Coat'],https://assets.vogue.com/photos/5f74470c08fdcc6598c7ba91/00048-Dries-Van-Noten-RTW-Spring-2021-credit-Viviane-Sassen.jpg,0470902_Dries Van Noten - Spring 2021 Ready-to-Wear [Collection].jpg,SS,a_line,0.25709775,maxi,0.24462517
1188825,Dries Van Noten,Spring,2017,Ready-to-Wear,,Collection,2000,3000,745154,4.99,"['Sasha Pivovarova' 'Clothing' 'Apparel' 'Fashion' 'Person' 'Runway'
 'Human']",https://assets.vogue.com/photos/59cbae4d28959355d05caff3/KIM_0921.jpg,1188825_Dries Van Noten - Spring 2017 Ready-to-Wear [Collection].jpg,SS,a_line,0.26606682,maxi,0.26528263
0997887,Balenciaga,Spring,2013,Ready-to-Wear,,Collection,1366,2048,347510,5.61,"['Grace Mahary' 'Clothing' 'Footwear' 'Apparel' 'Person' 'Human' 'Skirt'
 'Shoe']",https://assets.vogue.com/photos/55c650f908298d8be2194eab/_ON_1291.1366x2048.JPG,0997887_Balenciaga - Spring 2013 Ready-to-Wear [Collection].jpg,SS,fitted,0.2758841,mini,0.27687585
0365964,Gucci,Fall,2016,Ready-to-Wear,,Collection,2000,3000,986199,5.68,"['Evening Dress' 'Clothing' 'Apparel' 'Fashion' 'Female' 'Person' 'Human'
 'Plant' 'Gown' 'Robe']",https://assets.vogue.com/photos/56cdc67ea20a782629c3d937/_GUC1055.jpg,0365964_Gucci - Fall 2016 Ready-to-Wear [Collection].jpg,FW,fitted,0.2639834,maxi,0.27648136
0178053,Balenciaga,Fall,2016,Ready-to-Wear,,Collection,2000,3000,807751,5.33,"['Evening Dress' 'Binx Walton' 'Clothing' 'Apparel' 'Fashion' 'Person'
 'Human' 'Gown' 'Robe']",https://assets.vogue.com/photos/56dc10f4be6733b44cb5358c/_MON0996.jpg,0178053_Balenciaga - Fall 2016 Ready-to-Wear [Collection].jpg,FW,oversized,0.2826956,maxi,0.26729572
0040237,Gucci,Fall,2018,Ready-to-Wear,,Collection,2000,3000,676407,4.75,"['Clothing' 'Overcoat' 'Apparel' 'Fashion' 'Person' 'Sleeve' 'Human'
 'Coat']",https://assets.vogue.com/photos/5a8d7eeac95be86dd46fcff2/_GUC0121.jpg,0040237_Gucci - Fall 2018 Ready-to-Wear [Collection].jpg,FW,oversized,0.28464004,trousers,0.28286126
0208922,Gucci,Fall,2012,Ready-to-Wear,,Collection,683,1024,136350,5.2,"['Evening Dress' 'Clothing' 'Apparel' 'Fashion' 'Person' 'Runway' 'Human'
 'Gown' 'Robe']",https://assets.vogue.com/photos/55c650e408298d8be217e562/00190fullscreen.jpg,0208922_Gucci - Fall 2012 Ready-to-Wear [Collection].jpg,FW,fitted,0.28776583,maxi,0.2785794
0566967,Gucci,Spring,2023,Ready-to-Wear,,Collection,2732,4098,1946957,5.8,,https://assets.vogue.com/photos/632defe13897ed156acab179/00053-gucci-spring-2023-ready-to-wear-credit-gorunway.jpg,0566967_Gucci - Spring 2023 Ready-to-Wear [Collection].jpg,SS,oversized,0.27472967,trousers,0.28218812
1251117,Gucci,Fall,2013,Ready-to-Wear,,Collection,1366,2048,497229,5.54,['Hanne Gaby Odiele' 'Person' 'Human' 'Stage'],https://assets.vogue.com/photos/55c6510f08298d8be21ac578/_GVC0521.1366x2048.JPG,1251117_Gucci - Fall 2013 Ready-to-Wear [Collection].jpg,FW,fitted,0.27677268,maxi,0.27196133
1228772,Dries Van Noten,Fall,2020,Ready-to-Wear,,Collection,2732,4098,1496570,5.41,"['Clothing' 'Footwear' 'Apparel' 'Fashion' 'Female' 'Person' 'Runway'
 'Human' 'Shoe']",https://assets.vogue.com/photos/5e56884ebbd19d0008c68619/_FIO0552.jpg,1228772_Dries Van Noten - Fall 2020 Ready-to-Wear [Collection].jpg,FW,oversized,0.27625424,trousers,0.28105325
0655372,Dries Van Noten,Spring,2015,Ready-to-Wear,,Collection,1366,2048,141311,5.75,"['Accessories' 'Sunglasses' 'Accessory' 'Audience' 'Person' 'Crowd'
 'Human']",https://assets.vogue.com/photos/55c651c608298d8be227bef5/DVN_1101.jpg,0655372_Dries Van Noten - Spring 2015 Ready-to-Wear [Collection].jpg,SS,fitted,0.24052289,trousers,0.23467587
0187665,Dries Van Noten,Spring,2016,Ready-to-Wear,,Collection,2000,3000,952867,4.73,"['Clothing' 'Footwear' 'Apparel' 'Fashion' 'Person' 'Runway' 'Human'
 'Shoe']",https://assets.vogue.com/photos/57ebc92cb3669bd277df63a5/KIM_0267.jpg,0187665_Dries Van Noten - Spring 2016 Ready-to-Wear [Collection].jpg,SS,oversized,0.2787814,trousers,0.2580653
1037012,Dries Van Noten,Spring,2013,Ready-to-Wear,,Collection,1366,2048,407816,4.97,['Clothing' 'Apparel' 'Fashion' 'Person' 'Runway' 'Human'],https://assets.vogue.com/photos/55c650f908298d8be219496d/NOT_0224.1366x2048.JPG,1037012_Dries Van Noten - Spring 2013 Ready-to-Wear [Collection].jpg,SS,oversized,0.27273822,trousers,0.280803
0807812,Balenciaga,Fall,2014,Ready-to-Wear,,Collection,1366,2048,272004,4.32,"['Natasha Poly' 'Long Sleeve' 'Clothing' 'Apparel' 'Fashion' 'Person'
 'Runway' 'Sleeve' 'Human']",https://assets.vogue.com/photos/55c6513a08298d8be21dd415/_ON_0690.1366x2048.JPG,0807812_Balenciaga - Fall 2014 Ready-to-Wear [Collection].jpg,FW,fitted,0.28933862,trousers,0.28132308
0814626,Balenciaga,Spring,2014,Ready-to-Wear,,Collection,1366,2048,361309,5.14,"['Jourdan Dunn' 'Long Sleeve' 'Clothing' 'Footwear' 'Overcoat' 'Apparel'
 'Person' 'Sleeve' 'Human' 'Coat' 'Shoe']",https://assets.vogue.com/photos/55c6512408298d8be21c3d9e/_ON_0974.1366x2048.JPG,0814626_Balenciaga - Spring 2014 Ready-to-Wear [Collection].jpg,SS,fitted,0.26807553,mini,0.2563819
1070542,Gucci,Spring,2022,Ready-to-Wear,,Collection,2732,4098,1008714,5.43,"['Evening Dress' 'Clothing' 'Apparel' 'Fashion' 'Person' 'Runway' 'Human'
 'Gown' 'Robe' 'Hat']",https://assets.vogue.com/photos/618218c828e3682702504b67/Look_075.jpg,1070542_Gucci - Spring 2022 Ready-to-Wear [Collection].jpg,SS,fitted,0.275551,trousers,0.27162027
0144622,Gucci,Fall,2016,Ready-to-Wear,,Collection,2000,3000,772621,5.38,"['Accessories' 'Sunglasses' 'Accessory' 'Clothing' 'Apparel' 'Female'
 'Person' 'Sleeve' 'Dress' 'Human']",https://assets.vogue.com/photos/56cdc7099f4b2dce7480412c/_GUC1157.jpg,0144622_Gucci - Fall 2016 Ready-to-Wear [Collection].jpg,FW,fitted,0.26711655,mini,0.25313273
0933777,Gucci,Fall,2011,Ready-to-Wear,,Collection,683,1024,118520,5.51,"['Long Sleeve' 'Clothing' 'Overcoat' 'Apparel' 'Person' 'Sleeve' 'Human'
 'Stage' 'Coat' 'Hat']",https://assets.vogue.com/photos/55c651b308298d8be2268534/00280fullscreen.jpg,0933777_Gucci - Fall 2011 Ready-to-Wear [Collection].jpg,FW,fitted,0.2737244,maxi,0.2612425
0680007,Gucci,Spring,2010,Ready-to-Wear,,Collection,683,1024,144977,4.75,"['Evening Dress' 'Transportation' 'Clothing' 'Apparel' 'Fashion' 'Vehicle'
 'Person' 'Runway' 'Human' 'Gown' 'Robe']",https://assets.vogue.com/photos/55c651ab08298d8be225f0ad/00280fullscreen.jpg,0680007_Gucci - Spring 2010 Ready-to-Wear [Collection].jpg,SS,fitted,0.2662446,mini,0.25412
0519401,Gucci,Fall,2013,Ready-to-Wear,,Collection,1366,2048,398431,5.35,"['Lexi Boling' 'Accessories' 'Sunglasses' 'Accessory' 'Clothing'
 'Overcoat' 'Apparel' 'Person' 'Human' 'Coat']",https://assets.vogue.com/photos/55c6510f08298d8be21ac56c/_GVC0373.1366x2048.JPG,0519401_Gucci - Fall 2013 Ready-to-Wear [Collection].jpg,FW,fitted,0.27754062,trousers,0.26572597
1169213,Dries Van Noten,Fall,2021,Ready-to-Wear,,Collection,2732,4098,505204,3.73,"['Leisure Activities' 'Dance Pose' 'Performer' 'Flamenco' 'Person' 'Dance'
 'Human']",https://assets.vogue.com/photos/603ecebf6278f586c752e74a/00058-Dries-Van-Noten-Fall-21-credit-Casper-Sejersen.jpg,1169213_Dries Van Noten - Fall 2021 Ready-to-Wear [Collection].jpg,FW,a_line,0.21795961,maxi,0.21738827
0084165,Balenciaga,Fall,2022,Ready-to-Wear,,Collection,2732,4098,1179807,4.86,"['Blizzard' 'Outdoors' 'Weather' 'Nature' 'Person' 'Winter' 'Human'
 'Storm' 'Snow']",https://assets.vogue.com/photos/6224f86fdb95408b78d2fa96/00017-balenciaga-fall-2022-ready-to-wear-paris-credit-brand.jpg,0084165_Balenciaga - Fall 2022 Ready-to-Wear [Collection].jpg,FW,fitted,0.28021842,maxi,0.27057606
1226682,Dries Van Noten,Spring,2009,Ready-to-Wear,,Collection,683,1024,107448,4.98,['Clothing' 'Apparel' 'Fashion' 'Person' 'Runway' 'Human'],https://assets.vogue.com/photos/55c6519b08298d8be224aeaf/00390fullscreen.jpg,1226682_Dries Van Noten - Spring 2009 Ready-to-Wear [Collection].jpg,SS,oversized,0.2677736,trousers,0.27849865
0762024,Balenciaga,Spring,2016,Ready-to-Wear,,Collection,2000,3000,522552,4.98,"['Evening Dress' 'Clothing' 'Footwear' 'Apparel' 'Fashion' 'Person'
 'Runway' 'Human' 'Gown' 'Robe' 'Shoe']",https://assets.vogue.com/photos/57f0dd6b8cd3f4294df17d9b/_MON0723.jpg,0762024_Balenciaga - Spring 2016 Ready-to-Wear [Collection].jpg,SS,oversized,0.27646908,maxi,0.28205693
0579269,Balenciaga,Spring,2010,Ready-to-Wear,,Collection,683,1024,135692,4.81,"['Hanne Gaby Odiele' 'Clothing' 'Apparel' 'Female' 'Person' 'Human'
 'Skirt' 'Woman']",https://assets.vogue.com/photos/55c651ac08298d8be226034d/00320fullscreen.jpg,0579269_Balenciaga - Spring 2010 Ready-to-Wear [Collection].jpg,SS,fitted,0.27854726,mini,0.27713183
1084407,Gucci,Fall,2019,Ready-to-Wear,,Collection,2732,4098,2077818,4.6,"['Long Sleeve' 'Clothing' 'Footwear' 'Apparel' 'Person' 'Sleeve' 'Human'
 'Shoe']",https://assets.vogue.com/photos/5c6d73141e848b2d3ad87443/_FIO1098.jpg,1084407_Gucci - Fall 2019 Ready-to-Wear [Collection].jpg,FW,oversized,0.28620347,maxi,0.29731178
0928708,Gucci,Fall,2013,Ready-to-Wear,,Collection,1366,2048,287325,5.62,"['Long Sleeve' 'Clothing' 'Apparel' 'Fashion' 'Person' 'Runway' 'Sleeve'
 'Human']",https://assets.vogue.com/photos/55c6510f08298d8be21ac572/_GVC0440.1366x2048.JPG,0928708_Gucci - Fall 2013 Ready-to-Wear [Collection].jpg,FW,fitted,0.2800803,maxi,0.27940017
0513429,Dries Van Noten,Spring,2013,Ready-to-Wear,,Collection,1366,2048,404126,5.03,"['Accessories' 'Sunglasses' 'Accessory' 'Clothing' 'Apparel' 'Person'
 'Runway' 'Tartan' 'Human' 'Plaid' 'Shirt']",https://assets.vogue.com/photos/55c650f908298d8be2194976/NOT_0347.1366x2048.JPG,0513429_Dries Van Noten - Spring 2013 Ready-to-Wear [Collection].jpg,SS,oversized,0.27560964,trousers,0.2750215
0082081,Gucci,Fall,2009,Ready-to-Wear,,Collection,683,1024,177877,4.55,"['Clothing' 'Footwear' 'Apparel' 'Fashion' 'Person' 'Runway' 'Sleeve'
 'Human']",https://assets.vogue.com/photos/55c651a108298d8be2252ecb/00220fullscreen.jpg,0082081_Gucci - Fall 2009 Ready-to-Wear [Collection].jpg,FW,oversized,0.27244666,trousers,0.2663856
1022294,Balenciaga,Spring,2012,Ready-to-Wear,,Collection,683,1024,96132,6.56,"['Nicolas Ghesquière' 'Clothing' 'Footwear' 'Apparel' 'Person' 'Sleeve'
 'Denim' 'Human' 'Jeans' 'Pants' 'Shoe']",https://assets.vogue.com/photos/55c650d008298d8be2169be5/00370fullscreen.jpg,1022294_Balenciaga - Spring 2012 Ready-to-Wear [Collection].jpg,SS,oversized,0.26924533,trousers,0.26690218
1091103,Balenciaga,Fall,2016,Ready-to-Wear,,Collection,2000,3000,518960,5.03,['Trench Coat' 'Clothing' 'Overcoat' 'Apparel' 'Person' 'Human' 'Coat'],https://assets.vogue.com/photos/56dc10a7050ae6403a815ff0/_MON0795.jpg,1091103_Balenciaga - Fall 2016 Ready-to-Wear [Collection].jpg,FW,oversized,0.30187285,trousers,0.27635017
1151752,Gucci,Spring,2017,Ready-to-Wear,,Collection,2000,3000,1329812,5.49,['Long Sleeve' 'Clothing' 'Apparel' 'Person' 'Sleeve' 'Human' 'Pants'],https://assets.vogue.com/photos/59c276ab604d47663d72fa65/_GUC0922.jpg,1151752_Gucci - Spring 2017 Ready-to-Wear [Collection].jpg,SS,oversized,0.27570242,trousers,0.26471013
0682261,Gucci,Spring,2021,Ready-to-Wear,,Collection,2732,4098,968322,4.3,"['Evening Dress' 'Clothing' 'Apparel' 'Fashion' 'Person' 'Human' 'Gown'
 'Robe']",https://assets.vogue.com/photos/5fb697fbdff6dce61b982c4a/00052-Gucci-SS21-PF21.jpg,0682261_Gucci - Spring 2021 Ready-to-Wear [Collection].jpg,SS,a_line,0.26360884,maxi,0.278138
0991351,Gucci,Fall,2013,Ready-to-Wear,,Collection,1366,2048,307638,5.21,['Clothing' 'Apparel' 'Fashion' 'Person' 'Runway' 'Sleeve' 'Human'],https://assets.vogue.com/photos/55c6510f08298d8be21ac557/_GVC0146.1366x2048.JPG,0991351_Gucci - Fall 2013 Ready-to-Wear [Collection].jpg,FW,oversized,0.2712825,maxi,0.26940015
1072461,Gucci,Spring,2017,Ready-to-Wear,,Collection,2000,3000,1164726,5.11,['Clothing' 'Apparel' 'Person' 'Human' 'Coat' 'Fur'],https://assets.vogue.com/photos/59c2766856c33462d173607d/_GUC0866.jpg,1072461_Gucci - Spring 2017 Ready-to-Wear [Collection].jpg,SS,oversized,0.29163992,maxi,0.27391866
0350454,Gucci,Spring,2021,Ready-to-Wear,,Collection,2732,4098,794075,5.28,"['Accessories' 'Accessory' 'Clothing' 'Apparel' 'Handbag' 'Person' 'Human'
 'Bag']",https://assets.vogue.com/photos/5fb24c15cbfbadae11334d3c/00009-Gucci-SS-21.jpg,0350454_Gucci - Spring 2021 Ready-to-Wear [Collection].jpg,SS,oversized,0.2608726,trousers,0.26688972
0148952,Gucci,Spring,2017,Ready-to-Wear,,Collection,2000,3000,1426052,5.2,"['Military Uniform' 'Clothing' 'Military' 'Apparel' 'Officer' 'Person'
 'Sleeve' 'Human']",https://assets.vogue.com/photos/59c27560fc049c6622f30358/_GUC0704.jpg,0148952_Gucci - Spring 2017 Ready-to-Wear [Collection].jpg,SS,fitted,0.28951365,trousers,0.27583885
0740931,Dries Van Noten,Spring,2010,Ready-to-Wear,,Collection,683,1024,139963,5.27,"['Mädchen Amick' 'Clothing' 'Apparel' 'Female' 'Person' 'Runway' 'Human'
 'Woman']",https://assets.vogue.com/photos/55c651ad08298d8be226163e/00370fullscreen.jpg,0740931_Dries Van Noten - Spring 2010 Ready-to-Wear [Collection].jpg,SS,oversized,0.2655804,trousers,0.275434
0981965,Dries Van Noten,Spring,2009,Ready-to-Wear,,Collection,683,1024,145296,4.95,"['Clothing' 'Overcoat' 'Apparel' 'Fashion' 'Person' 'Runway' 'Human'
 'Skirt' 'Coat']",https://assets.vogue.com/photos/55c6519b08298d8be224aeb3/00430fullscreen.jpg,0981965_Dries Van Noten - Spring 2009 Ready-to-Wear [Collection].jpg,SS,fitted,0.27141768,maxi,0.25976253
0889634,Gucci,Fall,2011,Ready-to-Wear,,Collection,683,1024,109708,5.3,"['Daria Strokous' 'Clothing' 'Apparel' 'Fashion' 'Person' 'Runway'
 'Sleeve' 'Dress' 'Human']",https://assets.vogue.com/photos/55c651b308298d8be2268546/00460fullscreen.jpg,0889634_Gucci - Fall 2011 Ready-to-Wear [Collection].jpg,FW,oversized,0.2770276,maxi,0.27590021
1242278,Dries Van Noten,Spring,2010,Ready-to-Wear,,Collection,683,1024,118369,4.83,"['Accessories' 'Sunglasses' 'Accessory' 'Clothing' 'Apparel' 'Fashion'
 'Person' 'Runway' 'Sleeve' 'Human']",https://assets.vogue.com/photos/55c651ad08298d8be2261625/00120fullscreen.jpg,1242278_Dries Van Noten - Spring 2010 Ready-to-Wear [Collection].jpg,SS,fitted,0.28080714,trousers,0.27632177
0678862,Balenciaga,Spring,2011,Ready-to-Wear,,Collection,683,1024,170714,5.14,"['Daria Strokous' 'Clothing' 'Footwear' 'Apparel' 'Person' 'Runway'
 'Sleeve' 'Human' 'Shoe']",https://assets.vogue.com/photos/55c6512a08298d8be21cb4ea/00330fullscreen.jpg,0678862_Balenciaga - Spring 2011 Ready-to-Wear [Collection].jpg,SS,fitted,0.27965176,trousers,0.27403378
0058417,Dries Van Noten,Spring,2023,Ready-to-Wear,,Collection,2732,4098,1951329,5.32,['Clothing' 'Apparel' 'Fashion' 'Person' 'Runway' 'Human' 'Robe'],https://assets.vogue.com/photos/63347522f481ab0308b2aebe/00048-dries-van-noten-spring-2023-ready-to-wear-credit-gorunway.jpg,0058417_Dries Van Noten - Spring 2023 Ready-to-Wear [Collection].jpg,SS,oversized,0.27007675,trousers,0.2609951
0585699,Dries Van Noten,Fall,2016,Ready-to-Wear,,Collection,2000,3000,957807,5.39,"['Leisure Activities' 'Clothing' 'Apparel' 'Costume' 'Female' 'Person'
 'Human' 'Woman']",https://assets.vogue.com/photos/56d6ff620715a2423ac3b7dc/_ARC1945.jpg,0585699_Dries Van Noten - Fall 2016 Ready-to-Wear [Collection].jpg,FW,oversized,0.27292413,maxi,0.27986696
0878055,Gucci,Fall,2019,Ready-to-Wear,,Collection,2732,4098,2030569,5.21,['Clothing' 'Overcoat' 'Apparel' 'Person' 'Human' 'Coat'],https://assets.vogue.com/photos/5c6d70a6dc8b682dcbe40219/_FIO0998.jpg,0878055_Gucci - Fall 2019 Ready-to-Wear [Collection].jpg,FW,oversized,0.2742354,trousers,0.28318334
0136361,Dries Van Noten,Fall,2012,Ready-to-Wear,,Collection,683,1024,128792,5.52,"['Long Sleeve' 'Clothing' 'Apparel' 'Fashion' 'Person' 'Runway' 'Sleeve'
 'Human' 'Gown' 'Robe']",https://assets.vogue.com/photos/55c650e708298d8be2180fdd/00500fullscreen.jpg,0136361_Dries Van Noten - Fall 2012 Ready-to-Wear [Collection].jpg,FW,oversized,0.26199326,maxi,0.26485145
0124922,Gucci,Fall,2017,Ready-to-Wear,,Collection,2000,3000,1845336,5.65,['Clothing' 'Premiere' 'Apparel' 'Fashion' 'Person' 'Human' 'Porta' 'Hat'],https://assets.vogue.com/photos/58adab932e5d504eebab78fe/_GUC0521.jpg,0124922_Gucci - Fall 2017 Ready-to-Wear [Collection].jpg,FW,fitted,0.26995435,trousers,0.26266417
0276458,Gucci,Spring,2020,Ready-to-Wear,,Collection,2732,4098,1437777,5.24,"['Accessories' 'Sunglasses' 'Accessory' 'Clothing' 'Overcoat' 'Apparel'
 'Female' 'Person' 'Human' 'Coat' 'Suit']",https://assets.vogue.com/photos/5d88db4fe364ef0009356e67/_GUC0039.jpg,0276458_Gucci - Spring 2020 Ready-to-Wear [Collection].jpg,SS,fitted,0.2819028,trousers,0.28886598
0869042,Gucci,Spring,2013,Ready-to-Wear,,Collection,1366,2048,166484,4.65,['Clothing' 'Apparel' 'Female' 'Person' 'Sleeve' 'Dress' 'Human' 'Coat'],https://assets.vogue.com/photos/55c650f708298d8be2192722/GUC_0566.1366x2048.JPG,0869042_Gucci - Spring 2013 Ready-to-Wear [Collection].jpg,SS,oversized,0.27099648,mini,0.2685982
0180456,Balenciaga,Spring,2011,Ready-to-Wear,,Collection,683,1024,198722,4.66,"['Clothing' 'Footwear' 'Apparel' 'Fashion' 'Person' 'Runway' 'Sleeve'
 'Human' 'Coat' 'Shoe']",https://assets.vogue.com/photos/55c6512a08298d8be21cb4cd/00040fullscreen.jpg,0180456_Balenciaga - Spring 2011 Ready-to-Wear [Collection].jpg,SS,fitted,0.27201673,mini,0.2640304
1255636,Dries Van Noten,Fall,2015,Ready-to-Wear,,Collection,1366,2048,354779,5.37,"['Trench Coat' 'Clothing' 'Footwear' 'Overcoat' 'Apparel' 'Person' 'Human'
 'Coat' 'Shoe']",https://assets.vogue.com/photos/55c650b008298d8be21478b5/DRI_0137.jpg,1255636_Dries Van Noten - Fall 2015 Ready-to-Wear [Collection].jpg,FW,oversized,0.27977574,trousers,0.26765722
1261010,Dries Van Noten,Spring,2017,Ready-to-Wear,,Collection,2000,3000,725727,4.99,"['Lindsey Wixson' 'Evening Dress' 'Clothing' 'Apparel' 'Fashion' 'Person'
 'Runway' 'Human' 'Gown' 'Robe']",https://assets.vogue.com/photos/59cbacaef98b491b92eb3ac2/KIM_0635.jpg,1261010_Dries Van Noten - Spring 2017 Ready-to-Wear [Collection].jpg,SS,fitted,0.27631277,mini,0.269499
0774224,Gucci,Spring,2013,Ready-to-Wear,,Collection,1366,2048,185897,4.43,"['Evening Dress' 'Clothing' 'Apparel' 'Fashion' 'Person' 'Human' 'Gown'
 'Robe']",https://assets.vogue.com/photos/55c650f708298d8be219272d/GUC_0770.1366x2048.JPG,0774224_Gucci - Spring 2013 Ready-to-Wear [Collection].jpg,SS,a_line,0.28612658,maxi,0.30183303
1080371,Gucci,Fall,2017,Ready-to-Wear,,Collection,2000,3000,1274798,5.03,"['Long Sleeve' 'Clothing' 'Apparel' 'Costume' 'Fashion' 'Person' 'Runway'
 'Sleeve' 'Human']",https://assets.vogue.com/photos/58adaa18f58dd170292d2af8/_GUC0475.jpg,1080371_Gucci - Fall 2017 Ready-to-Wear [Collection].jpg,FW,oversized,0.27558354,trousers,0.271079
0546931,Gucci,Spring,2010,Ready-to-Wear,,Collection,683,1024,139042,4.69,"['Evening Dress' 'Chanel Iman' 'Clothing' 'Apparel' 'Fashion' 'Person'
 'Runway' 'Human' 'Gown' 'Robe']",https://assets.vogue.com/photos/55c651ab08298d8be225f0b9/00400fullscreen.jpg,0546931_Gucci - Spring 2010 Ready-to-Wear [Collection].jpg,SS,fitted,0.2641859,maxi,0.25806957
0332469,Gucci,Spring,2022,Ready-to-Wear,,Collection,2732,4098,813721,5.32,"['Accessories' 'Accessory' 'Clothing' 'Overcoat' 'Apparel' 'Person'
 'Runway' 'Human' 'Coat' 'Suit' 'Tie']",https://assets.vogue.com/photos/6182189e8ee26f1d58e814b8/Look_002.jpg,0332469_Gucci - Spring 2022 Ready-to-Wear [Collection].jpg,SS,fitted,0.27834892,trousers,0.25536227
0080287,Dries Van Noten,Fall,2020,Ready-to-Wear,,Collection,2732,4098,1424474,5.37,"['Clothing' 'Footwear' 'Overcoat' 'Apparel' 'Fashion' 'Person' 'Runway'
 'Human' 'Coat' 'Shoe']",https://assets.vogue.com/photos/5e5689c4ccb4550008cccc8e/_FIO0734.jpg,0080287_Dries Van Noten - Fall 2020 Ready-to-Wear [Collection].jpg,FW,oversized,0.28263158,trousers,0.27977443
0920181,Gucci,Fall,2019,Ready-to-Wear,,Collection,2732,4098,1924585,6.54,"['Evening Dress' 'Home Decor' 'Clothing' 'Footwear' 'Apparel' 'Fashion'
 'Person' 'Human' 'Gown' 'Robe' 'Shoe']",https://assets.vogue.com/photos/5c6d6e36770cd324e3ef52bc/_FIO0779.jpg,0920181_Gucci - Fall 2019 Ready-to-Wear [Collection].jpg,FW,oversized,0.27071232,maxi,0.26198387
1140613,Gucci,Fall,2009,Ready-to-Wear,,Collection,683,1024,161136,4.24,['Sigrid Agren' 'Clothing' 'Footwear' 'Apparel' 'Person' 'Human'],https://assets.vogue.com/photos/55c651a108298d8be2252ec6/00170fullscreen.jpg,1140613_Gucci - Fall 2009 Ready-to-Wear [Collection].jpg,FW,fitted,0.2779472,trousers,0.25996336
1222548,Gucci,Fall,2009,Ready-to-Wear,,Collection,683,1024,111405,5.83,"['Frida Giannini' 'Clothing' 'Apparel' 'Fashion' 'Person' 'Runway'
 'Sleeve' 'Human']",https://assets.vogue.com/photos/55c651a108298d8be2252ee7/00500fullscreen.jpg,1222548_Gucci - Fall 2009 Ready-to-Wear [Collection].jpg,FW,fitted,0.26802438,maxi,0.26198453
1244321,Balenciaga,Spring,2013,Ready-to-Wear,,Collection,1366,2048,315189,5.36,['Clothing' 'Footwear' 'Apparel' 'Person' 'Human' 'Shoe'],https://assets.vogue.com/photos/55c650f908298d8be2194ea2/_ON_1136.1366x2048.JPG,1244321_Balenciaga - Spring 2013 Ready-to-Wear [Collection].jpg,SS,fitted,0.28456262,midi,0.27456018
0803496,Dries Van Noten,Spring,2011,Ready-to-Wear,,Collection,683,1024,85841,4.73,"['Evening Dress' 'Clothing' 'Apparel' 'Fashion' 'Person' 'Runway' 'Human'
 'Gown' 'Robe']",https://assets.vogue.com/photos/55c6512a08298d8be21cb05a/00110fullscreen.jpg,0803496_Dries Van Noten - Spring 2011 Ready-to-Wear [Collection].jpg,SS,oversized,0.2745057,maxi,0.27175713
1182465,Gucci,Fall,2015,Ready-to-Wear,,Collection,1366,2048,247235,4.99,"['Clothing' 'Footwear' 'Apparel' 'Female' 'Person' 'Dress' 'Human' 'Skirt'
 'Woman' 'Shoe']",https://assets.vogue.com/photos/55c651da08298d8be22952a8/GUC_0243.jpg,1182465_Gucci - Fall 2015 Ready-to-Wear [Collection].jpg,FW,oversized,0.27623108,trousers,0.2803739
1165211,Dries Van Noten,Spring,2015,Ready-to-Wear,,Collection,1366,2048,474038,5.14,"['Accessories' 'Sunglasses' 'Accessory' 'Clothing' 'Apparel' 'Fashion'
 'Person' 'Runway' 'Sleeve' 'Human']",https://assets.vogue.com/photos/55c651c608298d8be227bede/DVN_0677.jpg,1165211_Dries Van Noten - Spring 2015 Ready-to-Wear [Collection].jpg,SS,fitted,0.26932484,trousers,0.2847074
1191001,Balenciaga,Spring,2017,Ready-to-Wear,,Collection,2000,3000,442469,5.38,"['Long Sleeve' 'Clothing' 'Overcoat' 'Apparel' 'Fashion' 'Female' 'Person'
 'Sleeve' 'Human' 'Coat' 'Suit']",https://assets.vogue.com/photos/59d0c0865da7fc651d2e99c6/_MON0575.jpg,1191001_Balenciaga - Spring 2017 Ready-to-Wear [Collection].jpg,SS,oversized,0.2968424,maxi,0.27045926
0719326,Balenciaga,Spring,2019,Ready-to-Wear,,Collection,2000,3000,1698221,5.58,['Night Club' 'Night Life' 'Lighting' 'Fashion' 'Person' 'Human' 'Club'],https://assets.vogue.com/photos/5bb0b31d3954262db33a0453/_MON1521.jpg,0719326_Balenciaga - Spring 2019 Ready-to-Wear [Collection].jpg,SS,oversized,0.2919952,maxi,0.2746354
0624752,Dries Van Noten,Spring,2014,Ready-to-Wear,,Collection,1366,2048,278484,5.31,"['Evening Dress' 'Clothing' 'Apparel' 'Fashion' 'Person' 'Runway' 'Human'
 'Gown' 'Robe']",https://assets.vogue.com/photos/55c6512308298d8be21c396c/DRI_0257.1366x2048.JPG,0624752_Dries Van Noten - Spring 2014 Ready-to-Wear [Collection].jpg,SS,oversized,0.2740878,maxi,0.27310428
0975174,Gucci,Fall,2014,Ready-to-Wear,,Collection,1366,2048,223666,4.44,['Clothing' 'Overcoat' 'Apparel' 'Person' 'Human' 'Coat'],https://assets.vogue.com/photos/55c6513808298d8be21daa24/GUC_0380.1366x2048.JPG,0975174_Gucci - Fall 2014 Ready-to-Wear [Collection].jpg,FW,fitted,0.28093666,trousers,0.2683455
0525464,Gucci,Spring,2019,Ready-to-Wear,,Collection,2000,3000,605264,5.47,"['Accessories' 'Sunglasses' 'Accessory' 'Clothing' 'Apparel' 'Fashion'
 'Person' 'Human' 'Pants' 'Coat']",https://assets.vogue.com/photos/5ba94ca202a4212f901adaa8/034.jpg,0525464_Gucci - Spring 2019 Ready-to-Wear [Collection].jpg,SS,fitted,0.27865228,trousers,0.27379435
1234665,Balenciaga,Fall,2019,Ready-to-Wear,,Collection,2732,4098,1300308,5.07,"['Ton Scherpenzeel' 'Clothing' 'Overcoat' 'Apparel' 'Person' 'Human'
 'Coat']",https://assets.vogue.com/photos/5c7bb62080be832d57e58371/_ALE0071.jpg,1234665_Balenciaga - Fall 2019 Ready-to-Wear [Collection].jpg,FW,oversized,0.29941577,trousers,0.27077574
0770642,Balenciaga,Fall,2015,Ready-to-Wear,,Collection,1366,2048,553783,5.14,"['Aamito Lagum' 'Clothing' 'Apparel' 'Fashion' 'Person' 'Runway' 'Human'
 'Coat']",https://assets.vogue.com/photos/55c650b208298d8be21494ae/balenciaga001.jpg,0770642_Balenciaga - Fall 2015 Ready-to-Wear [Collection].jpg,FW,oversized,0.2968794,maxi,0.2658734
0521326,Dries Van Noten,Fall,2011,Ready-to-Wear,,Collection,683,1024,158639,4.97,"['Long Sleeve' 'Clothing' 'Footwear' 'Apparel' 'Fashion' 'Person' 'Sleeve'
 'Human' 'Shoe']",https://assets.vogue.com/photos/55c651cb08298d8be22824ad/00180fullscreen.jpg,0521326_Dries Van Noten - Fall 2011 Ready-to-Wear [Collection].jpg,FW,oversized,0.27149814,trousers,0.26738733
1001516,Gucci,Spring,2020,Ready-to-Wear,,Collection,2732,4098,1353844,5.29,"['Long Sleeve' 'Clothing' 'Apparel' 'Fashion' 'Blazer' 'Jacket' 'Person'
 'Sleeve' 'Human' 'Pants' 'Coat']",https://assets.vogue.com/photos/5d88dbd6f4118200084bf29c/_GUC0109.jpg,1001516_Gucci - Spring 2020 Ready-to-Wear [Collection].jpg,SS,fitted,0.28709316,trousers,0.29815695
0640268,Dries Van Noten,Spring,2012,Ready-to-Wear,,Collection,683,1024,80329,4.95,"['Jacquelyn Jablonski' 'Long Sleeve' 'Clothing' 'Footwear' 'Apparel'
 'Fashion' 'Person' 'Runway' 'Sleeve' 'Human']",https://assets.vogue.com/photos/55c650d008298d8be21690ef/00280fullscreen.jpg,0640268_Dries Van Noten - Spring 2012 Ready-to-Wear [Collection].jpg,SS,oversized,0.28708422,trousers,0.2728213
0701504,Balenciaga,Fall,2010,Ready-to-Wear,,Collection,683,1024,96454,4.75,"['Sasha Pivovarova' 'Long Sleeve' 'Home Decor' 'Clothing' 'Overcoat'
 'Apparel' 'Person' 'Sleeve' 'Human' 'Coat']",https://assets.vogue.com/photos/55c651bd08298d8be2271f89/00150fullscreen.jpg,0701504_Balenciaga - Fall 2010 Ready-to-Wear [Collection].jpg,FW,fitted,0.28688738,mini,0.2725611
0034709,Gucci,Spring,2022,Ready-to-Wear,,Collection,2732,4098,893864,5.42,"['Accessories' 'Sunglasses' 'Accessory' 'Clothing' 'Apparel' 'Person'
 'Runway' 'Sleeve' 'Human' 'Coat']",https://assets.vogue.com/photos/618218ac1fc9befdc4c49e26/Look_027.jpg,0034709_Gucci - Spring 2022 Ready-to-Wear [Collection].jpg,SS,fitted,0.28998977,mini,0.2703873
0732687,Dries Van Noten,Fall,2021,Ready-to-Wear,,Collection,2732,4098,869346,3.65,['Leisure Activities' 'Dance Pose' 'Person' 'Dance' 'Human' 'Stage'],https://assets.vogue.com/photos/603ecec651245db857c78861/00056-Dries-Van-Noten-Fall-21-credit-Casper-Sejersen.jpg,0732687_Dries Van Noten - Fall 2021 Ready-to-Wear [Collection].jpg,FW,a_line,0.23681106,maxi,0.24279922
0168517,Balenciaga,Fall,2011,Ready-to-Wear,,Collection,683,1024,149566,4.69,"['Leather Jacket' 'Clothing' 'Footwear' 'Apparel' 'Female' 'Jacket'
 'Person' 'Human' 'Coat' 'Shoe']",https://assets.vogue.com/photos/55c651cb08298d8be228294d/00060fullscreen.jpg,0168517_Balenciaga - Fall 2011 Ready-to-Wear [Collection].jpg,FW,fitted,0.27923644,trousers,0.26617885
0169881,Gucci,Spring,2009,Ready-to-Wear,,Collection,683,1024,124036,5.36,"['Long Sleeve' 'Selma Blair' 'Clothing' 'Apparel' 'Jacket' 'Person'
 'Runway' 'Sleeve' 'Human' 'Coat']",https://assets.vogue.com/photos/55c6519908298d8be22495b9/00300fullscreen.jpg,0169881_Gucci - Spring 2009 Ready-to-Wear [Collection].jpg,SS,oversized,0.27229318,mini,0.26215482
0378504,Balenciaga,Spring,2023,Ready-to-Wear,,Collection,2732,4098,1432012,5.93,"['Accessories' 'Sunglasses' 'Accessory' 'Clothing' 'Apparel' 'Fashion'
 'Person' 'Human']",https://assets.vogue.com/photos/6339b7e49a7db4e42c1a90dd/00020-balenciaga-spring-2023-ready-to-wear-credit-brand.jpg,0378504_Balenciaga - Spring 2023 Ready-to-Wear [Collection].jpg,SS,fitted,0.24706772,trousers,0.24092928
0948627,Dries Van Noten,Spring,2020,Ready-to-Wear,,Collection,2732,4098,1472016,4.65,"['Evening Dress' 'Wedding Gown' 'Clothing' 'Apparel' 'Fashion' 'Wedding'
 'Person' 'Human' 'Gown' 'Robe']",https://assets.vogue.com/photos/5d8b71a4c0e9ea00097f3e06/_ALE0774.jpg,0948627_Dries Van Noten - Spring 2020 Ready-to-Wear [Collection].jpg,SS,oversized,0.29490328,maxi,0.28608716
0651209,Dries Van Noten,Fall,2009,Ready-to-Wear,,Collection,683,1024,121634,4.6,"['Long Sleeve' 'Clothing' 'Apparel' 'Fashion' 'Person' 'Runway' 'Sleeve'
 'Human' 'Coat']",https://assets.vogue.com/photos/55c651a308298d8be2254ffc/00110fullscreen.jpg,0651209_Dries Van Noten - Fall 2009 Ready-to-Wear [Collection].jpg,FW,oversized,0.27330786,maxi,0.25984052
0305320,Balenciaga,Spring,2010,Ready-to-Wear,,Collection,683,1024,109947,5.42,"['Clothing' 'Footwear' 'Apparel' 'Blouse' 'Female' 'Person' 'Runway'
 'Human' 'Pants' 'Shoe']",https://assets.vogue.com/photos/55c651ac08298d8be2260333/00060fullscreen.jpg,0305320_Balenciaga - Spring 2010 Ready-to-Wear [Collection].jpg,SS,fitted,0.27281833,trousers,0.27015543
0955955,Balenciaga,Spring,2017,Ready-to-Wear,,Collection,2000,3000,918067,5.18,['Fashion' 'Person' 'Runway' 'Human'],https://assets.vogue.com/photos/59d0bdf75ab3fb3706c9e853/_MON0191.jpg,0955955_Balenciaga - Spring 2017 Ready-to-Wear [Collection].jpg,SS,oversized,0.2787628,maxi,0.26016378
0832543,Dries Van Noten,Fall,2023,Ready-to-Wear,,Collection,2732,4098,828940,4.67,,https://assets.vogue.com/photos/6400ac8d94a6fae0f670f01d/00010-dries-van-noten-fall-2023-ready-to-wear-credit-gorunway.jpg,0832543_Dries Van Noten - Fall 2023 Ready-to-Wear [Collection].jpg,FW,oversized,0.3099419,trousers,0.29679552
0752619,Dries Van Noten,Fall,2023,Ready-to-Wear,,Collection,2732,4098,976071,5.58,,https://assets.vogue.com/photos/6400acd800e8c15bd736a82c/00045-dries-van-noten-fall-2023-ready-to-wear-credit-gorunway.jpg,0752619_Dries Van Noten - Fall 2023 Ready-to-Wear [Collection].jpg,FW,fitted,0.2854218,maxi,0.27511376
0308808,Gucci,Fall,2019,Ready-to-Wear,,Collection,2732,4098,1661543,5.47,"['Long Sleeve' 'Clothing' 'Footwear' 'Apparel' 'Person' 'Sleeve' 'Human'
 'Lace' 'Shoe']",https://assets.vogue.com/photos/5c6d709edc8b682dcbe40217/_FIO0992.jpg,0308808_Gucci - Fall 2019 Ready-to-Wear [Collection].jpg,FW,oversized,0.2757424,trousers,0.26920807
0937096,Gucci,Fall,2009,Ready-to-Wear,,Collection,683,1024,155349,4.6,['Clothing' 'Apparel' 'Fashion' 'Person' 'Runway' 'Sleeve' 'Human' 'Skirt'],https://assets.vogue.com/photos/55c651a108298d8be2252edd/00400fullscreen.jpg,0937096_Gucci - Fall 2009 Ready-to-Wear [Collection].jpg,FW,fitted,0.27944887,maxi,0.2623887
0866099,Dries Van Noten,Spring,2016,Ready-to-Wear,,Collection,2000,3000,842905,5.27,"['Evening Dress' 'Clothing' 'Apparel' 'Fashion' 'Person' 'Runway' 'Human'
 'Gown' 'Robe']",https://assets.vogue.com/photos/560be94e242bef5e21fbc269/_DRI0777.jpg,0866099_Dries Van Noten - Spring 2016 Ready-to-Wear [Collection].jpg,SS,fitted,0.28697172,trousers,0.2909784
1204823,Gucci,Fall,2011,Ready-to-Wear,,Collection,683,1024,106736,5.04,"['Evening Dress' 'Long Sleeve' 'Clothing' 'Apparel' 'Fashion' 'Person'
 'Runway' 'Sleeve' 'Human' 'Gown' 'Robe']",https://assets.vogue.com/photos/55c651b308298d8be2268524/00120fullscreen.jpg,1204823_Gucci - Fall 2011 Ready-to-Wear [Collection].jpg,FW,oversized,0.27904052,maxi,0.27406767
1262852,Dries Van Noten,Spring,2019,Ready-to-Wear,,Collection,1997,3000,654241,5.34,"['Dalton Rapattoni' 'Long Sleeve' 'Clothing' 'Apparel' 'Fashion' 'Person'
 'Runway' 'Sleeve' 'Human']",https://assets.vogue.com/photos/5babc08bbb8f4a2d547c72d1/KIM_2188.jpg,1262852_Dries Van Noten - Spring 2019 Ready-to-Wear [Collection].jpg,SS,oversized,0.2896536,maxi,0.27678052
0629058,Gucci,Spring,2012,Ready-to-Wear,,Collection,683,1024,110605,4.83,['Clothing' 'Apparel' 'Fashion' 'Person' 'Runway' 'Human'],https://assets.vogue.com/photos/55c650cd08298d8be2166501/00340fullscreen.jpg,0629058_Gucci - Spring 2012 Ready-to-Wear [Collection].jpg,SS,a_line,0.26507884,maxi,0.2634114
1223394,Gucci,Fall,2017,Ready-to-Wear,,Collection,2000,3000,1523414,4.96,"['Evening Dress' 'Long Sleeve' 'Clothing' 'Apparel' 'Fashion' 'Person'
 'Sleeve' 'Human' 'Gown' 'Robe']",https://assets.vogue.com/photos/58adb3b67d97ec5782e557ce/_GUC1160.jpg,1223394_Gucci - Fall 2017 Ready-to-Wear [Collection].jpg,FW,oversized,0.25670767,maxi,0.26107207
0435911,Dries Van Noten,Spring,2022,Ready-to-Wear,,Collection,2732,4098,478625,3.89,['Clothing' 'Apparel' 'Person' 'Human' 'Stage'],https://assets.vogue.com/photos/61533141ff63dca83af9dda8/00035-Dries-Van-Noten-Spring-22-RTW-Paris-credit-Rafael-Pavarotti.jpg,0435911_Dries Van Noten - Spring 2022 Ready-to-Wear [Collection].jpg,SS,a_line,0.25133955,maxi,0.24510103
1130853,Balenciaga,Fall,2020,Ready-to-Wear,,Collection,2732,4098,1505512,4.3,['Alek Wek' 'Clothing' 'Apparel' 'Person' 'Human'],https://assets.vogue.com/photos/5e5b9fd16432e400088ea405/_ALE0879.jpg,1130853_Balenciaga - Fall 2020 Ready-to-Wear [Collection].jpg,FW,a_line,0.28229466,maxi,0.29690814
0810769,Gucci,Fall,2013,Ready-to-Wear,,Collection,1366,2048,475374,5.71,['Clothing' 'Apparel' 'Fashion' 'Person' 'Human'],https://assets.vogue.com/photos/55c6510f08298d8be21ac575/_GVC0475.1366x2048.JPG,0810769_Gucci - Fall 2013 Ready-to-Wear [Collection].jpg,FW,fitted,0.27119297,maxi,0.27224195
0216285,Gucci,Spring,2020,Ready-to-Wear,,Collection,2732,4098,1807387,5.12,"['Accessories' 'Sunglasses' 'Clothing' 'Overcoat' 'Apparel' 'Female'
 'Person' 'Human' 'Woman' 'Coat' 'Suit']",https://assets.vogue.com/photos/5d88db68a9bdc70008ed64ec/_GUC0049.jpg,0216285_Gucci - Spring 2020 Ready-to-Wear [Collection].jpg,SS,fitted,0.2726833,trousers,0.27192128
0687206,Balenciaga,Fall,2013,Ready-to-Wear,,Collection,1366,2048,294102,4.9,"['Clothing' 'Overcoat' 'Apparel' 'Female' 'Person' 'Tuxedo' 'Dress'
 'Human' 'Woman' 'Coat' 'Suit']",https://assets.vogue.com/photos/55c6511108298d8be21aeca4/05_ON_0036.1366x2048.JPG,0687206_Balenciaga - Fall 2013 Ready-to-Wear [Collection].jpg,FW,oversized,0.28452986,trousers,0.2740091
0461793,Dries Van Noten,Spring,2011,Ready-to-Wear,,Collection,683,1024,73258,4.82,"['Long Sleeve' 'Clothing' 'Apparel' 'Fashion' 'Person' 'Runway' 'Sleeve'
 'Human']",https://assets.vogue.com/photos/55c6512a08298d8be21cb059/00100fullscreen.jpg,0461793_Dries Van Noten - Spring 2011 Ready-to-Wear [Collection].jpg,SS,oversized,0.2825519,maxi,0.28514194
0033808,Balenciaga,Fall,2018,Ready-to-Wear,,Collection,2000,3000,521645,5.19,"['Long Sleeve' 'Clothing' 'Footwear' 'Apparel' 'Fashion' 'Sweater'
 'Person' 'Runway' 'Sleeve' 'Human' 'Shoe']",https://assets.vogue.com/photos/5a9bd4f2b76a43754e2229f3/_MON0182.jpg,0033808_Balenciaga - Fall 2018 Ready-to-Wear [Collection].jpg,FW,oversized,0.29374516,trousers,0.2658157
1192609,Dries Van Noten,Spring,2011,Ready-to-Wear,,Collection,683,1024,109835,4.86,['Jacquelyn Jablonski' 'Fashion' 'Person' 'Runway' 'Human'],https://assets.vogue.com/photos/55c6512a08298d8be21cb143/00440fullscreen.jpg,1192609_Dries Van Noten - Spring 2011 Ready-to-Wear [Collection].jpg,SS,oversized,0.26820517,trousers,0.27640668
0611410,Dries Van Noten,Spring,2016,Ready-to-Wear,,Collection,2000,3000,794633,5.3,"['Accessories' 'Sunglasses' 'Accessory' 'Clothing' 'Footwear' 'Apparel'
 'Fashion' 'Person' 'Runway' 'Human' 'Shoe']",https://assets.vogue.com/photos/560be831141e3f0f4d7966dc/_DRI0581.jpg,0611410_Dries Van Noten - Spring 2016 Ready-to-Wear [Collection].jpg,SS,oversized,0.27524817,maxi,0.2535775
0591344,Dries Van Noten,Fall,2010,Ready-to-Wear,,Collection,683,1024,157665,5.03,['Freja Beha Erichsen' 'Fashion' 'Person' 'Runway' 'Human'],https://assets.vogue.com/photos/55c651bd08298d8be2271d1c/00510fullscreen.jpg,0591344_Dries Van Noten - Fall 2010 Ready-to-Wear [Collection].jpg,FW,oversized,0.27861178,maxi,0.28249255
1003992,Balenciaga,Fall,2020,Ready-to-Wear,,Collection,2732,4098,1495928,4.9,"['Accessories' 'Sunglasses' 'Accessory' 'Clothing' 'Apparel' 'Fashion'
 'Person' 'Runway' 'Sleeve' 'Human' 'Coat']",https://assets.vogue.com/photos/5e5ba02b56da1c0008bf793b/_ALE0907.jpg,1003992_Balenciaga - Fall 2020 Ready-to-Wear [Collection].jpg,FW,fitted,0.2967838,maxi,0.28763235
0638821,Gucci,Spring,2019,Ready-to-Wear,,Collection,2000,3000,742913,5.1,"['Pedestrian' 'Building' 'Walkway' 'Person' 'Street' 'Human' 'Urban'
 'City' 'Path' 'Road' 'Town']",https://assets.vogue.com/photos/5ba94b99f781282f40487fdb/031.jpg,0638821_Gucci - Spring 2019 Ready-to-Wear [Collection].jpg,SS,oversized,0.27693725,trousers,0.27211258
1111475,Gucci,Fall,2014,Ready-to-Wear,,Collection,1366,2048,268464,5.11,"['Clothing' 'Apparel' 'Blouse' 'Female' 'Person' 'Sleeve' 'Dress' 'Human'
 'Skirt' 'Woman']",https://assets.vogue.com/photos/55c6513808298d8be21daa31/GUC_0683.1366x2048.JPG,1111475_Gucci - Fall 2014 Ready-to-Wear [Collection].jpg,FW,fitted,0.2720269,mini,0.2738369
0630016,Gucci,Fall,2011,Ready-to-Wear,,Collection,683,1024,136618,5.31,['Clothing' 'Footwear' 'Apparel' 'Person' 'Human' 'Boot' 'Hat'],https://assets.vogue.com/photos/55c651b308298d8be226852a/00180fullscreen.jpg,0630016_Gucci - Fall 2011 Ready-to-Wear [Collection].jpg,FW,oversized,0.26719162,maxi,0.24198642
0076175,Balenciaga,Spring,2021,Ready-to-Wear,,Collection,2732,4098,1462979,4.52,"['Long Sleeve' 'Accessories' 'Sunglasses' 'Accessory' 'Clothing' 'Apparel'
 'Person' 'Sleeve' 'Human' 'Pants' 'Coat']",https://assets.vogue.com/photos/5f79cc09bdabfba28130bb0b/00022-BALENCIAGA-SPRING-21-RTW.jpg,0076175_Balenciaga - Spring 2021 Ready-to-Wear [Collection].jpg,SS,oversized,0.28412113,trousers,0.28092036
0595540,Dries Van Noten,Spring,2011,Ready-to-Wear,,Collection,683,1024,93019,5.03,"['Accessories' 'Sunglasses' 'Accessory' 'Clothing' 'Apparel' 'Fashion'
 'Female' 'Person' 'Runway' 'Sleeve' 'Human']",https://assets.vogue.com/photos/55c6512a08298d8be21cb05f/00160fullscreen.jpg,0595540_Dries Van Noten - Spring 2011 Ready-to-Wear [Collection].jpg,SS,fitted,0.2755534,trousers,0.26369622
0122711,Dries Van Noten,Spring,2014,Ready-to-Wear,,Collection,1366,2048,356063,5.65,['Clothing' 'Apparel' 'Fashion' 'Jacket' 'Person' 'Runway' 'Human' 'Coat'],https://assets.vogue.com/photos/55c6512308298d8be21c396a/DRI_0221.1366x2048.JPG,0122711_Dries Van Noten - Spring 2014 Ready-to-Wear [Collection].jpg,SS,oversized,0.28092417,trousers,0.27097863
0352388,Balenciaga,Fall,2021,Ready-to-Wear,,Collection,2732,4098,682886,4.5,"['Sam Larsson' 'Clothing' 'Footwear' 'Overcoat' 'Apparel' 'Person' 'Human'
 'Coat' 'Shoe' 'Suit']",https://assets.vogue.com/photos/5fca4cfe32586c25194a58eb/00003-Balenciaga-Fall-21.jpg,0352388_Balenciaga - Fall 2021 Ready-to-Wear [Collection].jpg,FW,fitted,0.26522282,trousers,0.2699157
0780652,Dries Van Noten,Spring,2011,Ready-to-Wear,,Collection,683,1024,73737,4.95,"['Accessories' 'Sunglasses' 'Accessory' 'Clothing' 'Apparel' 'Fashion'
 'Person' 'Runway' 'Sleeve' 'Human']",https://assets.vogue.com/photos/55c6512a08298d8be21cb052/00030fullscreen.jpg,0780652_Dries Van Noten - Spring 2011 Ready-to-Wear [Collection].jpg,SS,oversized,0.27911535,maxi,0.26572824
0070085,Balenciaga,Fall,2018,Ready-to-Wear,,Collection,2000,3000,769972,4.67,"['Sterling Knight' 'Clothing' 'Apparel' 'Fashion' 'Person' 'Runway'
 'Human']",https://assets.vogue.com/photos/5a9bdef1b76a43754e2229fe/_MON0834.jpg,0070085_Balenciaga - Fall 2018 Ready-to-Wear [Collection].jpg,FW,oversized,0.2826195,trousers,0.259099
1009504,Dries Van Noten,Fall,2022,Ready-to-Wear,,Collection,2732,4098,2355893,5.54,['Clothing' 'Footwear' 'Apparel' 'Person' 'Sleeve' 'Human' 'Boot'],https://assets.vogue.com/photos/621e914cd086d89eca67d4cb/00038-dries-van-noten-fall-2022-ready-to-wear-paris-credit-casper-sejersen.jpg,1009504_Dries Van Noten - Fall 2022 Ready-to-Wear [Collection].jpg,FW,fitted,0.25795957,trousers,0.24505699
0128558,Dries Van Noten,Fall,2009,Ready-to-Wear,,Collection,683,1024,148230,4.67,"['Accessories' 'Sunglasses' 'Accessory' 'Clothing' 'Footwear' 'Apparel'
 'Fashion' 'Person' 'Runway' 'Human' 'Shoe']",https://assets.vogue.com/photos/55c651a308298d8be225500e/00290fullscreen.jpg,0128558_Dries Van Noten - Fall 2009 Ready-to-Wear [Collection].jpg,FW,oversized,0.28305742,trousers,0.2812976
1086941,Dries Van Noten,Spring,2015,Ready-to-Wear,,Collection,1366,2048,377700,5.15,"['Accessories' 'Sunglasses' 'Accessory' 'Clothing' 'Apparel' 'Fashion'
 'Female' 'Person' 'Human']",https://assets.vogue.com/photos/55c651c608298d8be227bdf6/DVN_0101.jpg,1086941_Dries Van Noten - Spring 2015 Ready-to-Wear [Collection].jpg,SS,oversized,0.27671558,mini,0.26242486
0096601,Dries Van Noten,Fall,2012,Ready-to-Wear,,Collection,683,1024,151170,6.04,['Clothing' 'Apparel' 'Fashion' 'Female' 'Person' 'Runway' 'Human'],https://assets.vogue.com/photos/55c650e708298d8be2180fca/00310fullscreen.jpg,0096601_Dries Van Noten - Fall 2012 Ready-to-Wear [Collection].jpg,FW,fitted,0.27183664,trousers,0.27108666
1106376,Balenciaga,Fall,2017,Ready-to-Wear,,Collection,2000,3000,969482,4.8,['Clothing' 'Footwear' 'Apparel' 'Person' 'Runway' 'Human' 'Shoe'],https://assets.vogue.com/photos/58bbf52900d7981320ba720b/_MON0205.jpg,1106376_Balenciaga - Fall 2017 Ready-to-Wear [Collection].jpg,FW,fitted,0.30348212,trousers,0.3143679
1202508,Balenciaga,Spring,2022,Ready-to-Wear,,Collection,2732,4098,1575493,4.56,"['Long Sleeve' 'Clothing' 'Apparel' 'Fashion' 'Person' 'Sleeve' 'Dress'
 'Human']",https://assets.vogue.com/photos/6158d22d2b37d58ffb9ac6c4/00055-Balenciaga-RTW-Spring22-Paris-credit-brand.jpg,1202508_Balenciaga - Spring 2022 Ready-to-Wear [Collection].jpg,SS,oversized,0.27929324,maxi,0.2761694
0595403,Balenciaga,Spring,2020,Ready-to-Wear,,Collection,2732,4098,1136070,5.5,"['Clothing' 'Apparel' 'Fashion' 'Female' 'Person' 'Dress' 'Human' 'Woman'
 'Gown']",https://assets.vogue.com/photos/5d90b86aef23d100092ab278/_FIO1280.jpg,0595403_Balenciaga - Spring 2020 Ready-to-Wear [Collection].jpg,SS,a_line,0.28140604,maxi,0.28393453
0078773,Dries Van Noten,Fall,2023,Ready-to-Wear,,Collection,2732,4098,832875,4.96,,https://assets.vogue.com/photos/6400aca43b1bc67fc4826be2/00020-dries-van-noten-fall-2023-ready-to-wear-credit-gorunway.jpg,0078773_Dries Van Noten - Fall 2023 Ready-to-Wear [Collection].jpg,FW,oversized,0.28428686,trousers,0.28795752
0448992,Dries Van Noten,Fall,2012,Ready-to-Wear,,Collection,683,1024,140242,4.5,"['Clothing' 'Footwear' 'Apparel' 'Fashion' 'Person' 'Runway' 'Human'
 'Coat' 'Shoe']",https://assets.vogue.com/photos/55c650e708298d8be2180fbb/00160fullscreen.jpg,0448992_Dries Van Noten - Fall 2012 Ready-to-Wear [Collection].jpg,FW,oversized,0.2851814,trousers,0.28678116
0868739,Gucci,Spring,2019,Ready-to-Wear,,Collection,2000,3000,544230,6.05,"['Clothing' 'Overcoat' 'Apparel' 'Female' 'Person' 'Human' 'Woman' 'Coat'
 'Suit' 'Hat']",https://assets.vogue.com/photos/5ba94d48a87d632d873150ca/070.jpg,0868739_Gucci - Spring 2019 Ready-to-Wear [Collection].jpg,SS,fitted,0.27542174,trousers,0.27805004
0256741,Balenciaga,Fall,2014,Ready-to-Wear,,Collection,1366,2048,320005,4.81,"['Kati Nescher' 'Clothing' 'Apparel' 'Fashion' 'Person' 'Runway' 'Human'
 'Coat']",https://assets.vogue.com/photos/55c6513a08298d8be21dd412/_ON_0590.1366x2048.JPG,0256741_Balenciaga - Fall 2014 Ready-to-Wear [Collection].jpg,FW,fitted,0.2696974,maxi,0.25238696
0752816,Dries Van Noten,Fall,2011,Ready-to-Wear,,Collection,683,1024,170291,4.94,"['Accessories' 'Sunglasses' 'Accessory' 'Clothing' 'Overcoat' 'Apparel'
 'Fashion' 'Person' 'Runway' 'Human' 'Coat']",https://assets.vogue.com/photos/55c651cb08298d8be22824a7/00120fullscreen.jpg,0752816_Dries Van Noten - Fall 2011 Ready-to-Wear [Collection].jpg,FW,oversized,0.2677856,maxi,0.26263946
0296574,Dries Van Noten,Fall,2009,Ready-to-Wear,,Collection,683,1024,98163,4.71,"['Long Sleeve' 'Clothing' 'Apparel' 'Fashion' 'Person' 'Runway' 'Sleeve'
 'Human' 'Coat']",https://assets.vogue.com/photos/55c651a308298d8be225501f/00460fullscreen.jpg,0296574_Dries Van Noten - Fall 2009 Ready-to-Wear [Collection].jpg,FW,oversized,0.27108303,maxi,0.2535612
0633216,Gucci,Spring,2015,Ready-to-Wear,,Collection,1366,2048,254778,5.08,['Clothing' 'Apparel' 'Fashion' 'Person' 'Runway' 'Human'],https://assets.vogue.com/photos/55c651c308298d8be2279569/_ARC0403.jpg,0633216_Gucci - Spring 2015 Ready-to-Wear [Collection].jpg,SS,oversized,0.2765601,mini,0.26556024
0460736,Gucci,Spring,2014,Ready-to-Wear,,Collection,1366,2048,364649,4.96,['Clothing' 'Apparel' 'Fashion' 'Person' 'Runway' 'Human' 'Stage'],https://assets.vogue.com/photos/55c6512108298d8be21c159c/MARC0278.1366x2048.JPG,0460736_Gucci - Spring 2014 Ready-to-Wear [Collection].jpg,SS,oversized,0.27793133,maxi,0.2826742
0526079,Gucci,Fall,2014,Ready-to-Wear,,Collection,1366,2048,223604,4.15,"['Evening Dress' 'Clothing' 'Apparel' 'Fashion' 'Female' 'Person' 'Dress'
 'Human' 'Gown' 'Robe']",https://assets.vogue.com/photos/55c6513808298d8be21daa33/GUC_0722.1366x2048.JPG,0526079_Gucci - Fall 2014 Ready-to-Wear [Collection].jpg,FW,fitted,0.28089207,mini,0.28332108
0233896,Balenciaga,Fall,2022,Ready-to-Wear,,Collection,2732,4098,1154580,5.7,"['Accessories' 'Sunglasses' 'Accessory' 'Blizzard' 'Outdoors' 'Nature'
 'Person' 'Winter' 'Human' 'Storm' 'Snow']",https://assets.vogue.com/photos/6224f89f9998db04543c4ed9/00052-balenciaga-fall-2022-ready-to-wear-paris-credit-brand.jpg,0233896_Balenciaga - Fall 2022 Ready-to-Wear [Collection].jpg,FW,oversized,0.27864546,trousers,0.25193384
0546691,Dries Van Noten,Fall,2023,Ready-to-Wear,,Collection,2732,4098,1026675,5.31,,https://assets.vogue.com/photos/6400acce1ea05d5c5ec66a8b/00040-dries-van-noten-fall-2023-ready-to-wear-credit-gorunway.jpg,0546691_Dries Van Noten - Fall 2023 Ready-to-Wear [Collection].jpg,FW,oversized,0.27166033,trousers,0.24425168
0500530,Dries Van Noten,Spring,2014,Ready-to-Wear,,Collection,1366,2048,388686,5.06,"['Evening Dress' 'Clothing' 'Apparel' 'Fashion' 'Person' 'Runway' 'Human'
 'Gown' 'Robe']",https://assets.vogue.com/photos/55c6512308298d8be21c3984/DRI_0617.1366x2048.JPG,0500530_Dries Van Noten - Spring 2014 Ready-to-Wear [Collection].jpg,SS,a_line,0.26757064,maxi,0.26628494
1161079,Dries Van Noten,Spring,2009,Ready-to-Wear,,Collection,683,1024,113772,4.79,['Clothing' 'Apparel' 'Fashion' 'Person' 'Runway' 'Human'],https://assets.vogue.com/photos/55c6519b08298d8be224aea0/00240fullscreen.jpg,1161079_Dries Van Noten - Spring 2009 Ready-to-Wear [Collection].jpg,SS,oversized,0.27687967,trousers,0.26600984
0123171,Balenciaga,Spring,2009,Ready-to-Wear,,Collection,683,1024,154737,5.12,"['Mannequin' 'Clothing' 'Footwear' 'Apparel' 'Person' 'Sleeve' 'Human'
 'Skirt' 'Shoe']",https://assets.vogue.com/photos/55c6519a08298d8be224a70f/00370fullscreen.jpg,0123171_Balenciaga - Spring 2009 Ready-to-Wear [Collection].jpg,SS,a_line,0.273803,mini,0.2751136
0287797,Gucci,Spring,2012,Ready-to-Wear,,Collection,683,1024,127495,5.19,"['Accessories' 'Sunglasses' 'Accessory' 'Clothing' 'Apparel' 'Fashion'
 'Person' 'Runway' 'Sleeve' 'Human' 'Coat']",https://assets.vogue.com/photos/55c650cd08298d8be21664ee/00150fullscreen.jpg,0287797_Gucci - Spring 2012 Ready-to-Wear [Collection].jpg,SS,oversized,0.27538648,trousers,0.28448898
0808266,Balenciaga,Spring,2021,Ready-to-Wear,,Collection,2732,4098,1032363,4.12,"['Accessories' 'Sunglasses' 'Accessory' 'Clothing' 'Overcoat' 'Apparel'
 'Costume' 'Fashion' 'Person' 'Human' 'Coat']",https://assets.vogue.com/photos/5f79cc55a86ef9454d7e9821/00013-BALENCIAGA-SPRING-21-RTW.jpg,0808266_Balenciaga - Spring 2021 Ready-to-Wear [Collection].jpg,SS,a_line,0.28465492,maxi,0.28027514
0886585,Balenciaga,Fall,2017,Ready-to-Wear,,Collection,2000,3000,1009970,5.04,"['Evening Dress' 'Accessories' 'Sunglasses' 'Accessory' 'Clothing'
 'Apparel' 'Fashion' 'Human' 'Gown' 'Robe']",https://assets.vogue.com/photos/58bbf8a2f9d6c10e112203eb/_MON0749.jpg,0886585_Balenciaga - Fall 2017 Ready-to-Wear [Collection].jpg,FW,oversized,0.28426528,maxi,0.27979475
0590156,Gucci,Fall,2010,Ready-to-Wear,,Collection,683,1024,125524,5.63,"['Clothing' 'Apparel' 'Fashion' 'Female' 'Person' 'Runway' 'Sleeve'
 'Human' 'Coat']",https://assets.vogue.com/photos/55c651bd08298d8be2270e68/00100fullscreen.jpg,0590156_Gucci - Fall 2010 Ready-to-Wear [Collection].jpg,FW,fitted,0.26014358,trousers,0.25899187
0419798,Gucci,Spring,2019,Ready-to-Wear,,Collection,2000,3000,743429,5.84,"['Clothing' 'Festival' 'Footwear' 'Apparel' 'Person' 'Crowd' 'Human'
 'Shoe']",https://assets.vogue.com/photos/5ba94be9a87d632d873150bc/042.jpg,0419798_Gucci - Spring 2019 Ready-to-Wear [Collection].jpg,SS,oversized,0.2849366,trousers,0.2774235
0677936,Balenciaga,Spring,2013,Ready-to-Wear,,Collection,1366,2048,376408,4.32,"['Evening Dress' 'Clothing' 'Footwear' 'Apparel' 'Fashion' 'Person'
 'Runway' 'Human' 'Skirt' 'Gown' 'Robe' 'Shoe']",https://assets.vogue.com/photos/55c650f908298d8be2194ebb/_ON_1577.1366x2048.JPG,0677936_Balenciaga - Spring 2013 Ready-to-Wear [Collection].jpg,SS,a_line,0.2718596,maxi,0.276582
0461440,Gucci,Fall,2023,Ready-to-Wear,,Collection,2732,4098,2397744,4.43,,https://assets.vogue.com/photos/63f8dda600e8c15bd736a02e/00052-gucci-fall-2023-ready-to-wear-credit-gorunway.jpg,0461440_Gucci - Fall 2023 Ready-to-Wear [Collection].jpg,FW,oversized,0.27399522,maxi,0.27185225
0178730,Balenciaga,Fall,2017,Ready-to-Wear,,Collection,2000,3000,1114052,5.09,"['Trench Coat' 'Clothing' 'Overcoat' 'Apparel' 'Person' 'Dress' 'Human'
 'Coat' 'Suit']",https://assets.vogue.com/photos/58bbf6e813c0e0223e50a425/_MON0523.jpg,0178730_Balenciaga - Fall 2017 Ready-to-Wear [Collection].jpg,FW,oversized,0.30114824,trousers,0.28507113
0086540,Balenciaga,Spring,2023,Ready-to-Wear,,Collection,2732,4098,1503950,5.36,,https://assets.vogue.com/photos/6339b8dbcf33f7b49b6b47a0/00061-balenciaga-spring-2023-ready-to-wear-credit-brand.jpg,0086540_Balenciaga - Spring 2023 Ready-to-Wear [Collection].jpg,SS,oversized,0.23743924,trousers,0.2400823
0676627,Balenciaga,Spring,2022,Ready-to-Wear,,Collection,2732,4098,1334567,4.52,"['Amber Valletta' 'Long Sleeve' 'Clothing' 'Footwear' 'Apparel' 'Jacket'
 'Person' 'Sleeve' 'Human' 'Coat']",https://assets.vogue.com/photos/6158d1b43b5aea1a22d44ebe/00009-Balenciaga-RTW-Spring22-Paris-credit-brand.jpg,0676627_Balenciaga - Spring 2022 Ready-to-Wear [Collection].jpg,SS,oversized,0.26124847,trousers,0.2636978
1129380,Dries Van Noten,Spring,2012,Ready-to-Wear,,Collection,683,1024,94402,4.45,"['Accessories' 'Sunglasses' 'Accessory' 'Clothing' 'Apparel' 'Fashion'
 'Person' 'Runway' 'Sleeve' 'Human']",https://assets.vogue.com/photos/55c650d008298d8be21690f1/00300fullscreen.jpg,1129380_Dries Van Noten - Spring 2012 Ready-to-Wear [Collection].jpg,SS,oversized,0.2722182,trousers,0.26716378
0674056,Dries Van Noten,Fall,2012,Ready-to-Wear,,Collection,683,1024,109795,5.18,"['Clothing' 'Footwear' 'Apparel' 'Fashion' 'Person' 'Runway' 'Human'
 'Coat' 'Shoe']",https://assets.vogue.com/photos/55c650e708298d8be2180fd7/00440fullscreen.jpg,0674056_Dries Van Noten - Fall 2012 Ready-to-Wear [Collection].jpg,FW,oversized,0.27807358,maxi,0.26529685
0270271,Balenciaga,Spring,2015,Ready-to-Wear,,Collection,1366,2048,263389,5.82,['Fashion' 'Person' 'Runway' 'Human'],https://assets.vogue.com/photos/55c651c608298d8be227c2b9/_MON0149.jpg,0270271_Balenciaga - Spring 2015 Ready-to-Wear [Collection].jpg,SS,fitted,0.27909,maxi,0.27088767
1211655,Gucci,Fall,2012,Ready-to-Wear,,Collection,683,1024,129988,5.48,"['Evening Dress' 'Clothing' 'Apparel' 'Fashion' 'Person' 'Sleeve' 'Human'
 'Gown' 'Robe']",https://assets.vogue.com/photos/55c650e408298d8be217e570/00330fullscreen.jpg,1211655_Gucci - Fall 2012 Ready-to-Wear [Collection].jpg,FW,oversized,0.2820881,maxi,0.29021564
0365375,Balenciaga,Fall,2022,Ready-to-Wear,,Collection,2732,4098,1166952,5.19,"['Accessories' 'Sunglasses' 'Accessory' 'Blizzard' 'Outdoors' 'Nature'
 'Person' 'Winter' 'Human' 'Storm' 'Snow']",https://assets.vogue.com/photos/6224f8978b9ca19052b5567f/00046-balenciaga-fall-2022-ready-to-wear-paris-credit-brand.jpg,0365375_Balenciaga - Fall 2022 Ready-to-Wear [Collection].jpg,FW,oversized,0.2994235,trousers,0.2676445
0143910,Balenciaga,Fall,2020,Ready-to-Wear,,Collection,2732,4098,1596896,4.95,"['Clothing' 'Overcoat' 'Apparel' 'Female' 'Person' 'Dress' 'Human' 'Woman'
 'Coat' 'Suit']",https://assets.vogue.com/photos/5e5b9d78cc7fbc000891e1c3/_ALE0544.jpg,0143910_Balenciaga - Fall 2020 Ready-to-Wear [Collection].jpg,FW,fitted,0.2984721,trousers,0.28198808
0093185,Dries Van Noten,Spring,2021,Ready-to-Wear,,Collection,2732,4098,2039103,4.53,['Clothing' 'Footwear' 'Apparel' 'Person' 'Shorts' 'Human' 'Shoe'],https://assets.vogue.com/photos/5f7447084e8cc819d09ba233/00045-Dries-Van-Noten-RTW-Spring-2021-credit-Viviane-Sassen.jpg,0093185_Dries Van Noten - Spring 2021 Ready-to-Wear [Collection].jpg,SS,a_line,0.25600123,midi,0.26359838
0777274,Dries Van Noten,Fall,2021,Ready-to-Wear,,Collection,2732,4098,882326,4.45,"['Leisure Activities' 'Long Sleeve' 'Dance Pose' 'Clothing' 'Apparel'
 'Person' 'Sleeve' 'Dance' 'Human']",https://assets.vogue.com/photos/603ece559a69cb006f17210a/00025-Dries-Van-Noten-Fall-21-credit-Casper-Sejersen.jpg,0777274_Dries Van Noten - Fall 2021 Ready-to-Wear [Collection].jpg,FW,oversized,0.2546634,midi,0.25039485
1056238,Gucci,Spring,2023,Ready-to-Wear,,Collection,2732,4098,1999385,5.75,,https://assets.vogue.com/photos/632defc3257b37ca49598dc5/00044-gucci-spring-2023-ready-to-wear-credit-gorunway.jpg,1056238_Gucci - Spring 2023 Ready-to-Wear [Collection].jpg,SS,oversized,0.2718283,trousers,0.26848945
0460673,Balenciaga,Fall,2022,Ready-to-Wear,,Collection,2732,4098,1366195,4.46,"['Accessories' 'Sunglasses' 'Accessory' 'Blizzard' 'Outdoors' 'Nature'
 'Person' 'Winter' 'Human' 'Storm' 'Snow']",https://assets.vogue.com/photos/6224f88a921b9eb00286c4e6/00034-balenciaga-fall-2022-ready-to-wear-paris-credit-brand.jpg,0460673_Balenciaga - Fall 2022 Ready-to-Wear [Collection].jpg,FW,oversized,0.24220726,trousers,0.231987
0372273,Balenciaga,Fall,2020,Ready-to-Wear,,Collection,2732,4098,1343807,4.8,"['Accessories' 'Sunglasses' 'Accessory' 'Clothing' 'Overcoat' 'Apparel'
 'Handbag' 'Human' 'Coat' 'Suit' 'Bag']",https://assets.vogue.com/photos/5e5ba0dfb6a4340008296150/_ALE0972.jpg,0372273_Balenciaga - Fall 2020 Ready-to-Wear [Collection].jpg,FW,fitted,0.27963707,trousers,0.26320317
0116945,Gucci,Spring,2012,Ready-to-Wear,,Collection,683,1024,122019,5.45,"['Evening Dress' 'Accessories' 'Sunglasses' 'Accessory' 'Clothing'
 'Apparel' 'Fashion' 'Person' 'Runway' 'Human']",https://assets.vogue.com/photos/55c650cd08298d8be21664ef/00160fullscreen.jpg,0116945_Gucci - Spring 2012 Ready-to-Wear [Collection].jpg,SS,oversized,0.2815239,maxi,0.2846024
1112125,Dries Van Noten,Fall,2012,Ready-to-Wear,,Collection,683,1024,165242,5.65,"['Long Sleeve' 'Clothing' 'Footwear' 'Apparel' 'Fashion' 'Person' 'Runway'
 'Sleeve' 'Human' 'Shoe']",https://assets.vogue.com/photos/55c650e708298d8be2180fc3/00240fullscreen.jpg,1112125_Dries Van Noten - Fall 2012 Ready-to-Wear [Collection].jpg,FW,fitted,0.28316516,trousers,0.27615824
0770738,Balenciaga,Spring,2014,Ready-to-Wear,,Collection,1366,2048,554202,5.04,"['Lexi Boling' 'Long Sleeve' 'Clothing' 'Footwear' 'Apparel' 'Person'
 'Runway' 'Shorts' 'Sleeve' 'Human' 'Shoe']",https://assets.vogue.com/photos/55c6512408298d8be21c3cbc/_ON_0396.1366x2048.JPG,0770738_Balenciaga - Spring 2014 Ready-to-Wear [Collection].jpg,SS,fitted,0.26972926,mini,0.26340726
0125256,Dries Van Noten,Fall,2010,Ready-to-Wear,,Collection,683,1024,156002,5.04,['Clothing' 'Apparel' 'Fashion' 'Person' 'Runway' 'Dress' 'Human'],https://assets.vogue.com/photos/55c651bd08298d8be2271d13/00420fullscreen.jpg,0125256_Dries Van Noten - Fall 2010 Ready-to-Wear [Collection].jpg,FW,a_line,0.2710058,maxi,0.26391533
